user_id,first_name,last_name,email,phone
1,John,Doe,john.doe@example.com,+1234567890
2,Jane,Smith,jane.smith@example.com,+0987654321
3,Bob,Johnson,bob.johnson@example.com,+1122334455
4,Alice,Williams,alice.williams@example.com,+5566778899
5,Charlie,Brown,charlie.brown@example.com,+2233445566
6,David,Lee,david.lee@example.com,+3344556677
7,Emily,Clark,emily.clark@example.com,+4455667788
8,Frank,Moore,frank.moore@example.com,+5566778899
9,Grace,Walker,grace.walker@example.com,+6677889900
10,Hank,Hall,hank.hall@example.com,+7788990011
11,Isla,King,isla.king@example.com,+8899001122
12,Jack,Scott,jack.scott@example.com,+9900112233
13,Kate,Adams,kate.adams@example.com,+1011122334
14,Liam,Miller,liam.miller@example.com,+2022233445
15,Mia,Taylor,mia.taylor@example.com,+3132344556
16,Nate,White,nate.white@example.com,+4243455667
17,Olivia,Young,olivia.young@example.com,+5354566778
18,Peter,Harris,peter.harris@example.com,+6465677889
19,Quinn,Martin,quinn.martin@example.com,+7576788990
20,Rachel,Roberts,rachel.roberts@example.com,+8687899001